{
    "center_freq": 1420.40575,
    "sample_rate": 2500000,
    "trigger_high": 15.0,
    "trigger_low": 5.0,
    "db_min": -90,
    "db_max": -50,
    "f_min": 1400.4,
    "f_max": 1440.4,
    "power_db_min": -90,
    "power_db_max": -50,
    "snr_db_min": -5,
    "snr_db_max": 30,
    "amp_min": 0.0,
    "amp_max": 0.3,
    "waterfall": 5.0,
    "iq_filename": "C:/uic_radiotelescopio/data/test_signal_1.iq",
    "iq_format": "int16",
    "stream_mode": "file",
    "algo_params": {
        "ar_order": 1024,
        "n_signals": 3,
        "method": "Correlograma",
        "welch_fft": 1024,
        "welch_overlap": 0.5,
        "corr_max_lag": 4098,
        "ar_n_freqs": 1024,
        "cwt_n_scales": 2048,
        "spec2d_method": "cwt"
    },
    "analysis_window_sec": 0.1,
    "moving_avg_samples": 3,
    "bb60c_ref_level": -30.0,
    "bb60c_iq_bw": 20.0,
    "vbw_alpha": 0.3,
    "ma_enabled": 1,
    "raw_mode": 0,
    "use_welch": 0,
    "visual_span_mhz": 2.5,
    "charts_config": {
        "mon_raw_spec": {
            "xmin": 1419.46825,
            "xmax": 1421.34325,
            "ymin": -56.132534913788696,
            "ymax": -37.47185961393575,
            "auto_x": 1,
            "auto_y": 1
        },
        "mon_raw_amp": {
            "xmin": 0.0,
            "xmax": 0.1,
            "ymin": 0.0,
            "ymax": 0.009276458621025085,
            "auto_x": 1,
            "auto_y": 1
        },
        "mon_filt_spec": {
            "xmin": 1419.46825,
            "xmax": 1421.34325,
            "ymin": -56.132534913788696,
            "ymax": -37.47185961393575,
            "auto_x": 1,
            "auto_y": 1
        },
        "mon_filt_amp": {
            "xmin": 0.0,
            "xmax": 0.1,
            "ymin": 0.0,
            "ymax": 0.006907316046366768,
            "auto_x": 1,
            "auto_y": 1
        },
        "spec_wf": {
            "xmin": 1419.46825,
            "xmax": 1421.34325,
            "ymin": -56.132534913788696,
            "ymax": -37.47185961393575,
            "auto_x": 1,
            "auto_y": 1
        },
        "spec_cwt": {
            "xmin": 1419.46825,
            "xmax": 1421.34325,
            "ymin": -100.0,
            "ymax": -20.0,
            "auto_x": 1,
            "auto_y": 1
        },
        "spec_ar": {
            "xmin": 1419.46825,
            "xmax": 1421.34325,
            "ymin": -148.22409057617188,
            "ymax": -99.73963928222656,
            "auto_x": 1,
            "auto_y": 1
        },
        "spec_corr": {
            "xmin": 1419.46825,
            "xmax": 1421.34325,
            "ymin": -104.84148163447912,
            "ymax": -60.02614323325587,
            "auto_x": 1,
            "auto_y": 1
        },
        "stat_hist": {
            "xmin": 0.0,
            "xmax": 0.1,
            "ymin": 0.0,
            "ymax": 0.48391,
            "auto_x": 1,
            "auto_y": 1
        },
        "pow_time": {
            "xmin": 0.0,
            "xmax": 200.0,
            "ymin": -73.72688542102237,
            "ymax": -63.083068421853966,
            "auto_x": 1,
            "auto_y": 1
        },
        "snr_freq": {
            "xmin": 1419.46825,
            "xmax": 1421.34325,
            "ymin": -14.915379686804028,
            "ymax": 14.915379686804028,
            "auto_x": 1,
            "auto_y": 1
        }
    },
    "window_res": "1366x768",
    "window_mode": "Maximizada",
    "chart_line_width": 0.5
}