{
    "center_freq": 1420.40575,
    "sample_rate": 2500000,
    "trigger_high": 15.0,
    "trigger_low": 5.0,
    "db_min": -90,
    "db_max": -50,
    "f_min": 1400.4,
    "f_max": 1440.4,
    "power_db_min": -90,
    "power_db_max": -50,
    "snr_db_min": -5,
    "snr_db_max": 30,
    "amp_min": 0.0,
    "amp_max": 0.3,
    "waterfall": 30.0,
    "iq_filename": "C:/SignalHound/ArchivosIQ/IQREC_Milk2025-02-12_11h32m05s_1.iq",
    "iq_format": "int16",
    "stream_mode": "file",
    "algo_params": {
        "ar_order": 4096,
        "n_signals": 3,
        "method": "Correlograma",
        "welch_fft": 1024,
        "welch_overlap": 0.5,
        "corr_max_lag": 2048,
        "ar_n_freqs": 1024,
        "cwt_n_scales": 2048,
        "spec2d_method": "cwt"
    },
    "analysis_window_sec": 0.1,
    "moving_avg_samples": 2,
    "bb60c_ref_level": -30.0,
    "bb60c_iq_bw": 20.0,
    "vbw_alpha": 0.3,
    "ma_enabled": 1,
    "raw_mode": 0,
    "use_welch": 0,
    "visual_span_mhz": 2.5,
    "charts_config": {
        "mon_raw_spec": {
            "xmin": 1419.15575,
            "xmax": 1421.65575,
            "ymin": -40.23807341729301,
            "ymax": -31.146526674791097,
            "auto_x": 0,
            "auto_y": 1
        },
        "mon_raw_amp": {
            "xmin": 0.0,
            "xmax": 0.1,
            "ymin": -0.03277790620923042,
            "ymax": 0.03277790620923042,
            "auto_x": 1,
            "auto_y": 1
        },
        "mon_filt_spec": {
            "xmin": 1419.15575,
            "xmax": 1421.65575,
            "ymin": -40.23807341729301,
            "ymax": -31.146526674791097,
            "auto_x": 0,
            "auto_y": 1
        },
        "mon_filt_amp": {
            "xmin": 0.0,
            "xmax": 0.1,
            "ymin": -0.02968783378601074,
            "ymax": 0.02968783378601074,
            "auto_x": 1,
            "auto_y": 1
        },
        "spec_wf": {
            "xmin": 1419.46825,
            "xmax": 1421.34325,
            "ymin": -40.23807341729301,
            "ymax": -31.146526674791097,
            "auto_x": 1,
            "auto_y": 1
        },
        "spec_cwt": {
            "xmin": 1419.46825,
            "xmax": 1421.34325,
            "ymin": -100.0,
            "ymax": -20.0,
            "auto_x": 1,
            "auto_y": 1
        },
        "spec_ar": {
            "xmin": 1419.46825,
            "xmax": 1421.34325,
            "ymin": -179.67498779296875,
            "ymax": -93.4725570678711,
            "auto_x": 1,
            "auto_y": 1
        },
        "spec_corr": {
            "xmin": 1419.46825,
            "xmax": 1421.34325,
            "ymin": -91.31405241409868,
            "ymax": -52.876052930926946,
            "auto_x": 1,
            "auto_y": 1
        },
        "stat_hist": {
            "xmin": -0.9997270555759314,
            "xmax": 1.0235187914222479,
            "ymin": 0.0,
            "ymax": 100.0,
            "auto_x": 1,
            "auto_y": 1
        },
        "pow_time": {
            "xmin": 0.0,
            "xmax": 200.0,
            "ymin": -83.99295736051458,
            "ymax": -73.74826965784291,
            "auto_x": 1,
            "auto_y": 1
        },
        "snr_freq": {
            "xmin": 1419.46825,
            "xmax": 1421.34325,
            "ymin": -68.8377010080861,
            "ymax": 68.8377010080861,
            "auto_x": 1,
            "auto_y": 1
        },
        "stat_hist_mag": {
            "auto_x": 1,
            "auto_y": 1,
            "xmin": 0.0,
            "xmax": 0.05,
            "ymin": 0.0,
            "ymax": 141.33062
        }
    },
    "window_res": "1366x768",
    "window_mode": "Maximizada",
    "chart_line_width": 0.5
}