{
    "center_freq": 1420.40575,
    "sample_rate": 2500000,
    "trigger_high": 15.0,
    "trigger_low": 5.0,
    "db_min": -90,
    "db_max": -50,
    "f_min": 1400.4,
    "f_max": 1440.4,
    "power_db_min": -90,
    "power_db_max": -50,
    "snr_db_min": -5,
    "snr_db_max": 30,
    "amp_min": 0.0,
    "amp_max": 0.3,
    "waterfall": 30.0,
    "iq_filename": "C:/SignalHound/ArchivosIQ/IQREC_Milk2025-02-12_11h32m56s_1.iq",
    "iq_format": "int16",
    "stream_mode": "file",
    "algo_params": {
        "ar_order": 4096,
        "n_signals": 3,
        "method": "Correlograma",
        "welch_fft": 1024,
        "welch_overlap": 0.5,
        "corr_max_lag": 2048,
        "ar_n_freqs": 1024,
        "cwt_n_scales": 4096,
        "spec2d_method": "cwt"
    },
    "analysis_window_sec": 0.1,
    "moving_avg_samples": 4,
    "bb60c_ref_level": -30.0,
    "bb60c_iq_bw": 20.0,
    "vbw_alpha": 0.3,
    "ma_enabled": 1,
    "raw_mode": 0,
    "use_welch": 0,
    "visual_span_mhz": 2.5,
    "charts_config": {
        "mon_raw_spec": {
            "xmin": 1419.15575,
            "xmax": 1421.65575,
            "ymin": -43.071306152481654,
            "ymax": -32.03117101299377,
            "auto_x": 0,
            "auto_y": 1
        },
        "mon_raw_amp": {
            "xmin": 0.0,
            "xmax": 0.1,
            "ymin": -0.030214445292949674,
            "ymax": 0.030214445292949674,
            "auto_x": 1,
            "auto_y": 1
        },
        "mon_filt_spec": {
            "xmin": 1419.15575,
            "xmax": 1421.65575,
            "ymin": -43.071306152481654,
            "ymax": -32.03117101299377,
            "auto_x": 0,
            "auto_y": 1
        },
        "mon_filt_amp": {
            "xmin": 0.0,
            "xmax": 0.1,
            "ymin": -0.021222252398729324,
            "ymax": 0.021222252398729324,
            "auto_x": 1,
            "auto_y": 1
        },
        "spec_wf": {
            "xmin": 1419.46825,
            "xmax": 1421.34325,
            "ymin": -43.071306152481654,
            "ymax": -32.03117101299377,
            "auto_x": 1,
            "auto_y": 1
        },
        "spec_cwt": {
            "xmin": 1420.0,
            "xmax": 1420.8,
            "ymin": -36.0,
            "ymax": -30.0,
            "auto_x": 0,
            "auto_y": 0
        },
        "spec_ar": {
            "xmin": 1419.46825,
            "xmax": 1421.34325,
            "ymin": -100.0,
            "ymax": -80.0,
            "auto_x": 1,
            "auto_y": 0
        },
        "spec_corr": {
            "xmin": 1419.46825,
            "xmax": 1421.34325,
            "ymin": -55.0,
            "ymax": -40.0,
            "auto_x": 1,
            "auto_y": 0
        },
        "stat_hist": {
            "xmin": -0.9998396257142304,
            "xmax": 1.016798511147499,
            "ymin": 0.0,
            "ymax": 100.0,
            "auto_x": 1,
            "auto_y": 1
        },
        "pow_time": {
            "xmin": 0.0,
            "xmax": 30.0,
            "ymin": -89.13224472327111,
            "ymax": -78.46283247497684,
            "auto_x": 1,
            "auto_y": 1
        },
        "snr_freq": {
            "xmin": 1419.46825,
            "xmax": 1421.34325,
            "ymin": -77.01095049490023,
            "ymax": 77.01095049490023,
            "auto_x": 1,
            "auto_y": 1
        },
        "stat_hist_mag": {
            "auto_x": 1,
            "auto_y": 1,
            "xmin": 0.0,
            "xmax": 0.05,
            "ymin": 0.0,
            "ymax": 168.61017
        }
    },
    "window_res": "1366x768",
    "window_mode": "Maximizada",
    "chart_line_width": 0.5,
    "auto_spectral_lock": 0
}