{
    "center_freq": 1420.40575,
    "sample_rate": 2500000,
    "trigger_high": 15.0,
    "trigger_low": 5.0,
    "db_min": -90,
    "db_max": -50,
    "f_min": 1400.4,
    "f_max": 1440.4,
    "power_db_min": -90,
    "power_db_max": -50,
    "snr_db_min": -5,
    "snr_db_max": 30,
    "amp_min": 0.0,
    "amp_max": 0.3,
    "waterfall": 10.0,
    "iq_filename": "C:/SignalHound/ArchivosIQ/IQREC_Milk2025-02-12_11h32m56s_1.iq",
    "iq_format": "int16",
    "stream_mode": "file",
    "algo_params": {
        "ar_order": 1024,
        "n_signals": 3,
        "method": "Correlograma",
        "welch_fft": 1024,
        "welch_overlap": 0.5,
        "corr_max_lag": 1024,
        "ar_n_freqs": 1024,
        "cwt_n_scales": 2048,
        "spec2d_method": "cwt"
    },
    "analysis_window_sec": 0.1,
    "moving_avg_samples": 3,
    "bb60c_ref_level": -30.0,
    "bb60c_iq_bw": 20.0,
    "vbw_alpha": 0.3,
    "ma_enabled": 1,
    "raw_mode": 0,
    "use_welch": 0,
    "visual_span_mhz": 2.4,
    "charts_config": {
        "mon_raw_spec": {
            "xmin": 1419.46825,
            "xmax": 1421.34325,
            "ymin": -40.44518856938082,
            "ymax": -27.501410329556094,
            "auto_x": 1,
            "auto_y": 1
        },
        "mon_raw_amp": {
            "xmin": 0.0,
            "xmax": 0.1,
            "ymin": 0.0,
            "ymax": 0.0373721718788147,
            "auto_x": 1,
            "auto_y": 1
        },
        "mon_filt_spec": {
            "xmin": 1419.46825,
            "xmax": 1421.34325,
            "ymin": -40.44518856938082,
            "ymax": -27.501410329556094,
            "auto_x": 1,
            "auto_y": 1
        },
        "mon_filt_amp": {
            "xmin": 0.0,
            "xmax": 0.1,
            "ymin": 0.0,
            "ymax": 0.032737729054576815,
            "auto_x": 1,
            "auto_y": 1
        },
        "spec_wf": {
            "xmin": 1419.46825,
            "xmax": 1421.34325,
            "ymin": -40.44518856938082,
            "ymax": -27.501410329556094,
            "auto_x": 1,
            "auto_y": 1
        },
        "spec_cwt": {
            "xmin": 1419.46825,
            "xmax": 1421.34325,
            "ymin": -132.8848181453294,
            "ymax": -62.04983685675634,
            "auto_x": 1,
            "auto_y": 1
        },
        "spec_ar": {
            "xmin": 1419.46825,
            "xmax": 1421.34325,
            "ymin": -161.5247802734375,
            "ymax": -79.49369812011719,
            "auto_x": 1,
            "auto_y": 1
        },
        "spec_corr": {
            "xmin": 1419.46825,
            "xmax": 1421.34325,
            "ymin": -66.4624608341863,
            "ymax": -34.35262989032399,
            "auto_x": 1,
            "auto_y": 1
        },
        "stat_hist": {
            "xmin": 0.0,
            "xmax": 0.1,
            "ymin": 0.0,
            "ymax": 121.09152,
            "auto_x": 1,
            "auto_y": 1
        },
        "pow_time": {
            "xmin": 0.0,
            "xmax": 200.0,
            "ymin": -103.23179728623367,
            "ymax": -75.22288747220853,
            "auto_x": 1,
            "auto_y": 1
        },
        "snr_freq": {
            "xmin": 1419.46825,
            "xmax": 1421.34325,
            "ymin": -69.33682277263183,
            "ymax": 69.33682277263183,
            "auto_x": 1,
            "auto_y": 1
        }
    },
    "window_res": "1366x768",
    "window_mode": "Pantalla Completa"
}