{
    "db_min": -10.0,
    "db_max": 5.0,
    "f_min": 1420.3,
    "f_max": 1420.5,
    "power_db_min": -73.0,
    "power_db_max": -63.0,
    "snr_db_min": 0.0,
    "snr_db_max": 70.0,
    "amp_min": -3.0,
    "amp_max": 3.0,
    "waterfall": 62.0,
    "iq_filename": "C:/uic_radiotelescopio/data/test_signal.iq",
    "iq_format": "uint8",
    "stream_mode": "file",
    "algo_params": {
        "ar_order": 1000,
        "n_signals": 10000,
        "method": "Welch",
        "welch_fft": 1024,
        "welch_overlap": 0.5,
        "corr_max_lag": 512
    },
    "analysis_window_sec": 1.0,
    "moving_avg_window_ms": 0.05,
    "bb60c_ref_level": -30.0,
    "bb60c_iq_bw": 20.0,
    "vbw_alpha": 0.3,
    "ma_enabled": 1,
    "raw_mode": 0,
    "use_welch": 0,
    "charts_config": {
        "mon_raw_spec": {
            "xmin": 1419.2,
            "xmax": 1421.6000000000001,
            "ymin": -20.0,
            "ymax": 10.0,
            "auto_x": 0,
            "auto_y": 0
        },
        "mon_raw_amp": {
            "xmin": 0,
            "xmax": 0.8333333333333334,
            "ymin": 0.0,
            "ymax": 2.1047637462615967,
            "auto_x": 1,
            "auto_y": 1
        },
        "mon_filt_spec": {
            "xmin": 1419.2,
            "xmax": 1421.6000000000001,
            "ymin": -73.23244219444861,
            "ymax": 18.88343572290858,
            "auto_x": 0,
            "auto_y": 1
        },
        "mon_filt_amp": {
            "xmin": 0,
            "xmax": 0.8333333333333334,
            "ymin": 0.0,
            "ymax": 0.5286965985265395,
            "auto_x": 1,
            "auto_y": 1
        },
        "spec_wf": {
            "xmin": 1419.2,
            "xmax": 1421.6000000000001,
            "ymin": -73.23244219444861,
            "ymax": 18.88343572290858,
            "auto_x": 1,
            "auto_y": 1
        },
        "stat_hist": {
            "xmin": 0,
            "xmax": 0.34612180903255,
            "ymin": 0.0,
            "ymax": 100.0,
            "auto_x": 1,
            "auto_y": 1
        },
        "pow_time": {
            "xmin": 0.0,
            "xmax": 20.0,
            "ymin": -39.8,
            "ymax": -39.0,
            "auto_x": 1,
            "auto_y": 0
        },
        "snr_freq": {
            "xmin": 1419.3970703125,
            "xmax": 1421.3970703125,
            "ymin": -10.0,
            "ymax": 50.0,
            "auto_x": 1,
            "auto_y": 0
        }
    }
}