{
    "center_freq": 1420.405751768,
    "sample_rate": 2500000,
    "trigger_high": 15.0,
    "trigger_low": 5.0,
    "db_min": -90,
    "db_max": -50,
    "f_min": 1400.4,
    "f_max": 1440.4,
    "power_db_min": -90,
    "power_db_max": -50,
    "snr_db_min": -5,
    "snr_db_max": 30,
    "amp_min": 0.0,
    "amp_max": 0.3,
    "waterfall": 5.0,
    "iq_filename": "C:/SignalHound/ArchivosIQ/IQREC_Milk2025-02-12_11h39m03s_1.iq",
    "iq_format": "int16",
    "stream_mode": "file",
    "algo_params": {
        "ar_order": 4096,
        "n_signals": 3,
        "method": "Correlograma",
        "welch_fft": 1024,
        "welch_overlap": 0.5,
        "corr_max_lag": 2048,
        "ar_n_freqs": 1024,
        "cwt_n_scales": 2048,
        "spec2d_method": "correlogram_2d"
    },
    "analysis_window_sec": 0.1,
    "moving_avg_samples": 5,
    "bb60c_ref_level": -30.0,
    "bb60c_iq_bw": 20.0,
    "vbw_alpha": 0.3,
    "ma_enabled": 1,
    "raw_mode": 0,
    "use_welch": 0,
    "visual_span_mhz": 2.5,
    "charts_config": {
        "mon_raw_spec": {
            "xmin": 1419.155751768,
            "xmax": 1421.655751768,
            "ymin": -49.261618422770866,
            "ymax": -20.039611596129433,
            "auto_x": 0,
            "auto_y": 1
        },
        "mon_raw_amp": {
            "xmin": 0.0,
            "xmax": 0.1,
            "ymin": -0.032454554736614225,
            "ymax": 0.032454554736614225,
            "auto_x": 1,
            "auto_y": 1
        },
        "mon_filt_spec": {
            "xmin": 1419.155751768,
            "xmax": 1421.655751768,
            "ymin": -49.261618422770866,
            "ymax": -20.039611596129433,
            "auto_x": 0,
            "auto_y": 1
        },
        "mon_filt_amp": {
            "xmin": 0.0,
            "xmax": 0.1,
            "ymin": -0.015812215581536292,
            "ymax": 0.015812215581536292,
            "auto_x": 1,
            "auto_y": 1
        },
        "spec_wf": {
            "xmin": 1419.468251768,
            "xmax": 1421.343251768,
            "ymin": -42.0,
            "ymax": -20.039611596129433,
            "auto_x": 1,
            "auto_y": 0
        },
        "spec_cwt": {
            "xmin": 1419.468251768,
            "xmax": 1421.343251768,
            "ymin": -110.0,
            "ymax": -70.0,
            "auto_x": 1,
            "auto_y": 0
        },
        "spec_ar": {
            "xmin": 1419.468251768,
            "xmax": 1421.343251768,
            "ymin": -100.0,
            "ymax": -85.0,
            "auto_x": 1,
            "auto_y": 0
        },
        "spec_corr": {
            "xmin": 1419.468251768,
            "xmax": 1421.343251768,
            "ymin": -70.0,
            "ymax": -40.0,
            "auto_x": 1,
            "auto_y": 0
        },
        "stat_hist": {
            "xmin": -77.68510549540477,
            "xmax": 33.73793990762526,
            "ymin": 0.0,
            "ymax": 65.1,
            "auto_x": 1,
            "auto_y": 1
        },
        "pow_time": {
            "xmin": 0.0,
            "xmax": 200.0,
            "ymin": -68.50040397656214,
            "ymax": -57.73537905476796,
            "auto_x": 1,
            "auto_y": 1
        },
        "snr_freq": {
            "xmin": 1419.468251768,
            "xmax": 1421.343251768,
            "ymin": -19.18096141977557,
            "ymax": 19.18096141977557,
            "auto_x": 1,
            "auto_y": 1
        }
    },
    "window_res": "1366x768",
    "window_mode": "Maximizada",
    "chart_line_width": 0.5
}